Job,Company,Location,Released,URL
Front End Developer,Sprout Digital Labs,"Kota Tangerang Selatan, Banten, Indonesia",2024-05-16,https://id.linkedin.com/jobs/view/front-end-developer-at-sprout-digital-labs-3927671738?position=1&pageNum=0&refId=btnP5hKKbJQGFQIClFh9Jw%3D%3D&trackingId=%2F47N0iIxQvPQDhu7hbUlJw%3D%3D&trk=public_jobs_jserp-result_search-card
Front End Developer,bit. (PT. Bringin Inti Teknologi),"Jakarta, Jakarta, Indonesia",2024-01-12,https://id.linkedin.com/jobs/view/front-end-developer-at-bit-pt-bringin-inti-teknologi-3804085345?position=2&pageNum=0&refId=btnP5hKKbJQGFQIClFh9Jw%3D%3D&trackingId=%2Fr8tql250UY3ry1ZhSMZaA%3D%3D&trk=public_jobs_jserp-result_search-card
Frontend Developer,PT. Neural Technologies Indonesia,Jakarta Metropolitan Area,2024-05-13,https://id.linkedin.com/jobs/view/frontend-developer-at-pt-neural-technologies-indonesia-3941328536?position=3&pageNum=0&refId=btnP5hKKbJQGFQIClFh9Jw%3D%3D&trackingId=S2C%2Bh5Sy4TsE2ax7tRZYdA%3D%3D&trk=public_jobs_jserp-result_search-card
Frontend Developer,Solusi Integrasi Persada,"Jakarta, Jakarta, Indonesia",2024-05-10,https://id.linkedin.com/jobs/view/frontend-developer-at-solusi-integrasi-persada-3919050873?position=4&pageNum=0&refId=btnP5hKKbJQGFQIClFh9Jw%3D%3D&trackingId=l7f5ONwufp%2Fa8a0XC8nCUQ%3D%3D&trk=public_jobs_jserp-result_search-card
Full Stack Developer,PT. Tiki Jalur Nugraha Ekakurir (JNE),"Jakarta, Indonesia",2024-06-10,https://id.linkedin.com/jobs/view/full-stack-developer-at-pt-tiki-jalur-nugraha-ekakurir-jne-3942495705?position=5&pageNum=0&refId=btnP5hKKbJQGFQIClFh9Jw%3D%3D&trackingId=yqldc1m9XMoVt%2FfU2TPhHA%3D%3D&trk=public_jobs_jserp-result_search-card
Web Developer (Experienced),Kelas.com,"Jakarta, Jakarta, Indonesia",2024-06-09,https://id.linkedin.com/jobs/view/web-developer-experienced-at-kelas-com-3942431063?position=6&pageNum=0&refId=btnP5hKKbJQGFQIClFh9Jw%3D%3D&trackingId=xhRQNWZVgouufddr8JRLPQ%3D%3D&trk=public_jobs_jserp-result_search-card
Junior Fullstack Developer,PT Kaleb Makmur Adhigana,"Jakarta, Jakarta, Indonesia",2024-04-26,https://id.linkedin.com/jobs/view/junior-fullstack-developer-at-pt-kaleb-makmur-adhigana-3910028715?position=7&pageNum=0&refId=btnP5hKKbJQGFQIClFh9Jw%3D%3D&trackingId=A60KNheN0EBYENv4hKnAsA%3D%3D&trk=public_jobs_jserp-result_search-card
IT: Frontend Developer,PCS Payment,"South Tangerang City, Banten, Indonesia",2024-06-06,https://id.linkedin.com/jobs/view/it-frontend-developer-at-pcs-payment-3944568905?position=8&pageNum=0&refId=btnP5hKKbJQGFQIClFh9Jw%3D%3D&trackingId=fGyQc14Ib6OLk7nQ2d5sHA%3D%3D&trk=public_jobs_jserp-result_search-card
Web Developer,PT FIRST WAP INTERNATIONAL (1rstWAP),"Jakarta, Indonesia",2023-10-12,https://id.linkedin.com/jobs/view/web-developer-at-pt-first-wap-international-1rstwap-3737749350?position=9&pageNum=0&refId=btnP5hKKbJQGFQIClFh9Jw%3D%3D&trackingId=x1pxMLkifSIB%2B7yqYnLl%2Bg%3D%3D&trk=public_jobs_jserp-result_search-card
Frontend Developer,PT Inti Corpora Teknologi,"Jakarta, Jakarta, Indonesia",2024-03-22,https://id.linkedin.com/jobs/view/frontend-developer-at-pt-inti-corpora-teknologi-3868167400?position=10&pageNum=0&refId=btnP5hKKbJQGFQIClFh9Jw%3D%3D&trackingId=bw8s4TbW%2BbWGgOcdgYIojg%3D%3D&trk=public_jobs_jserp-result_search-card
Front End Developer,Bumi Amartha Teknologi Mandiri,"Jakarta, Jakarta, Indonesia",2024-05-01,https://id.linkedin.com/jobs/view/front-end-developer-at-bumi-amartha-teknologi-mandiri-3915547622?position=11&pageNum=0&refId=btnP5hKKbJQGFQIClFh9Jw%3D%3D&trackingId=iVlW11B7Z2KxQekU08zzfA%3D%3D&trk=public_jobs_jserp-result_search-card
Web Developer,Bumi Amartha Teknologi Mandiri,"Jakarta, Jakarta, Indonesia",2024-05-18,https://id.linkedin.com/jobs/view/web-developer-at-bumi-amartha-teknologi-mandiri-3929872299?position=12&pageNum=0&refId=btnP5hKKbJQGFQIClFh9Jw%3D%3D&trackingId=X0bT5jRwF9TADJizZRxbUQ%3D%3D&trk=public_jobs_jserp-result_search-card
Web Developer,MSIG Life,"Jakarta, Jakarta, Indonesia",2024-04-22,https://id.linkedin.com/jobs/view/web-developer-at-msig-life-3906628914?position=13&pageNum=0&refId=btnP5hKKbJQGFQIClFh9Jw%3D%3D&trackingId=W59JxUSj0gN0s4QdcwJQvQ%3D%3D&trk=public_jobs_jserp-result_search-card
Web Developer,PT.Enseval Putera Megatrading Tbk,"Bekasi, West Java, Indonesia",2023-12-06,https://id.linkedin.com/jobs/view/web-developer-at-pt-enseval-putera-megatrading-tbk-3779662264?position=14&pageNum=0&refId=btnP5hKKbJQGFQIClFh9Jw%3D%3D&trackingId=Sc%2Bi3aJyH0Z72Cq7tFyrFw%3D%3D&trk=public_jobs_jserp-result_search-card
Full Stack Developer,bit. (PT. Bringin Inti Teknologi),"Jakarta, Jakarta, Indonesia",2024-01-14,https://id.linkedin.com/jobs/view/full-stack-developer-at-bit-pt-bringin-inti-teknologi-3805194481?position=15&pageNum=0&refId=btnP5hKKbJQGFQIClFh9Jw%3D%3D&trackingId=wd1wPqs%2FYPm7YgOvsLMJwQ%3D%3D&trk=public_jobs_jserp-result_search-card
Full Stack Developer,Ayovest,"Jakarta, Jakarta, Indonesia",2023-12-06,https://id.linkedin.com/jobs/view/full-stack-developer-at-ayovest-3779662272?position=16&pageNum=0&refId=btnP5hKKbJQGFQIClFh9Jw%3D%3D&trackingId=pbuXRPhkfi5hWSAM%2Bt1AEQ%3D%3D&trk=public_jobs_jserp-result_search-card
Frontend Developer PWA,PT Astra International Tbk,Jakarta Metropolitan Area,2024-03-12,https://id.linkedin.com/jobs/view/frontend-developer-pwa-at-pt-astra-international-tbk-3853871220?position=17&pageNum=0&refId=btnP5hKKbJQGFQIClFh9Jw%3D%3D&trackingId=gyeex62JV8qnJ0dO9hbMrA%3D%3D&trk=public_jobs_jserp-result_search-card
Software Frontend Developer Intern (IoT Applications),Moladin,"Jakarta, Jakarta, Indonesia",2024-05-27,https://id.linkedin.com/jobs/view/software-frontend-developer-intern-iot-applications-at-moladin-3935979753?position=18&pageNum=0&refId=btnP5hKKbJQGFQIClFh9Jw%3D%3D&trackingId=aOdZQ%2BRwdmvO4UYfMnfcjw%3D%3D&trk=public_jobs_jserp-result_search-card
Frontend Developer,BRIK,"Jakarta, Indonesia",2024-05-11,https://id.linkedin.com/jobs/view/frontend-developer-at-brik-3919968601?position=19&pageNum=0&refId=btnP5hKKbJQGFQIClFh9Jw%3D%3D&trackingId=QU4iDYuwsMoav7XrZfRrGg%3D%3D&trk=public_jobs_jserp-result_search-card
Full Stack Developer,PT Berca Hardayaperkasa,Jakarta Metropolitan Area,2024-06-07,https://id.linkedin.com/jobs/view/full-stack-developer-at-pt-berca-hardayaperkasa-3941308150?position=20&pageNum=0&refId=btnP5hKKbJQGFQIClFh9Jw%3D%3D&trackingId=yRPPbQgsYD7mv%2BHC2eRIIw%3D%3D&trk=public_jobs_jserp-result_search-card
Frontend Engineer Intern,Ralali.com - B2B Marketplace,Jakarta Metropolitan Area,2024-06-07,https://id.linkedin.com/jobs/view/frontend-engineer-intern-at-ralali-com-b2b-marketplace-3945136298?position=21&pageNum=0&refId=btnP5hKKbJQGFQIClFh9Jw%3D%3D&trackingId=b0Usq2edR7nwHoW%2Br73D%2Fw%3D%3D&trk=public_jobs_jserp-result_search-card
PHP Developer,ITOMMEY Group,"Jakarta, Jakarta, Indonesia",2023-12-06,https://id.linkedin.com/jobs/view/php-developer-at-itommey-group-3779662263?position=22&pageNum=0&refId=btnP5hKKbJQGFQIClFh9Jw%3D%3D&trackingId=OJT74eCmPq7UNYfmmAAA0A%3D%3D&trk=public_jobs_jserp-result_search-card
Full-stack Web Developer,Harnods,"Kota Tangerang Selatan, Banten, Indonesia",2023-12-06,https://id.linkedin.com/jobs/view/full-stack-web-developer-at-harnods-3779655557?position=23&pageNum=0&refId=btnP5hKKbJQGFQIClFh9Jw%3D%3D&trackingId=6rysYaK4YY2AVX8qGzmsUg%3D%3D&trk=public_jobs_jserp-result_search-card
Fullstack Developer,Sprout Digital Labs,"Kota Tangerang Selatan, Banten, Indonesia",2024-05-06,https://id.linkedin.com/jobs/view/fullstack-developer-at-sprout-digital-labs-3918194984?position=24&pageNum=0&refId=btnP5hKKbJQGFQIClFh9Jw%3D%3D&trackingId=0416Rk%2FZySMZI8opbobV0Q%3D%3D&trk=public_jobs_jserp-result_search-card
Frontend Engineer,Kitabisa,"Jakarta, Jakarta, Indonesia",2024-05-22,https://id.linkedin.com/jobs/view/frontend-engineer-at-kitabisa-3932809483?position=26&pageNum=0&refId=btnP5hKKbJQGFQIClFh9Jw%3D%3D&trackingId=38396Zo%2FA4mCgXd%2Bz1W9Lg%3D%3D&trk=public_jobs_jserp-result_search-card
Frontend Developer (React.Js),Cloud Kinetics,"Jakarta, Jakarta, Indonesia",2024-05-16,https://id.linkedin.com/jobs/view/frontend-developer-react-js-at-cloud-kinetics-3927976532?position=28&pageNum=0&refId=btnP5hKKbJQGFQIClFh9Jw%3D%3D&trackingId=9rmEioZmvrFh42GgYaHwcQ%3D%3D&trk=public_jobs_jserp-result_search-card
Jr. Frontend Engineer (Talent Pool),Staffinc Group,"Gambir, Jakarta, Indonesia",2023-07-05,https://id.linkedin.com/jobs/view/jr-frontend-engineer-talent-pool-at-staffinc-group-3656154881?position=30&pageNum=0&refId=btnP5hKKbJQGFQIClFh9Jw%3D%3D&trackingId=gB3grMGXttAsdUWC%2FVFG4A%3D%3D&trk=public_jobs_jserp-result_search-card
Frontend Engineer,Jakmall.com,"Jakarta, Jakarta, Indonesia",2024-05-31,https://id.linkedin.com/jobs/view/frontend-engineer-at-jakmall-com-3935080660?position=31&pageNum=0&refId=btnP5hKKbJQGFQIClFh9Jw%3D%3D&trackingId=uck2CBEvZv%2F%2B7kRHQOycGw%3D%3D&trk=public_jobs_jserp-result_search-card
Fullstack Developer,Phintraco Group,"Jakarta, Jakarta, Indonesia",2024-06-08,https://id.linkedin.com/jobs/view/fullstack-developer-at-phintraco-group-3944751940?position=32&pageNum=0&refId=btnP5hKKbJQGFQIClFh9Jw%3D%3D&trackingId=6dmyuy3hEQ4Yt5mNI09lAw%3D%3D&trk=public_jobs_jserp-result_search-card
Frontend Engineer,Ralali.com - B2B Marketplace,Jakarta Metropolitan Area,2024-06-07,https://id.linkedin.com/jobs/view/frontend-engineer-at-ralali-com-b2b-marketplace-3945139120?position=33&pageNum=0&refId=btnP5hKKbJQGFQIClFh9Jw%3D%3D&trackingId=X8%2FiNIBfQp4u0bgSHOEUUA%3D%3D&trk=public_jobs_jserp-result_search-card
Fullstack Developer,IniKarir,"Bekasi, West Java, Indonesia",2024-06-06,https://id.linkedin.com/jobs/view/fullstack-developer-at-inikarir-3943462500?position=34&pageNum=0&refId=btnP5hKKbJQGFQIClFh9Jw%3D%3D&trackingId=kPUQfHO36c%2BZSl1%2Flgl5tw%3D%3D&trk=public_jobs_jserp-result_search-card
Frontend Developer,PT. Intikom Berlian Mustika,"Jakarta, Indonesia",2024-06-10,https://id.linkedin.com/jobs/view/frontend-developer-at-pt-intikom-berlian-mustika-3946827969?position=35&pageNum=0&refId=btnP5hKKbJQGFQIClFh9Jw%3D%3D&trackingId=oXRbV8wXj%2FbqtgxbA%2F%2FSVA%3D%3D&trk=public_jobs_jserp-result_search-card
"Fullstack Developer (Python, Java, React js)",Dikshatek Indonesia,"Jakarta, Jakarta, Indonesia",2023-10-10,https://id.linkedin.com/jobs/view/fullstack-developer-python-java-react-js-at-dikshatek-indonesia-3736944351?position=36&pageNum=0&refId=btnP5hKKbJQGFQIClFh9Jw%3D%3D&trackingId=x65kODyHdKm9AVkDgmOl5w%3D%3D&trk=public_jobs_jserp-result_search-card
Frontend Developer (React),Nomura Research Institute Indonesia,"Jakarta, Indonesia",2024-06-04,https://id.linkedin.com/jobs/view/frontend-developer-react-at-nomura-research-institute-indonesia-3941763309?position=37&pageNum=0&refId=btnP5hKKbJQGFQIClFh9Jw%3D%3D&trackingId=tDjkf0DlqEb6TR0uytrlRg%3D%3D&trk=public_jobs_jserp-result_search-card
Jr. Frontend Engineer,broom.id,"Jakarta, Indonesia",2024-06-06,https://id.linkedin.com/jobs/view/jr-frontend-engineer-at-broom-id-3940311432?position=38&pageNum=0&refId=btnP5hKKbJQGFQIClFh9Jw%3D%3D&trackingId=w%2BlaoBRcE1R34KGG4cjXvg%3D%3D&trk=public_jobs_jserp-result_search-card
Fullstack Developer,ITOMMEY Group,"Jakarta, Jakarta, Indonesia",2023-12-06,https://id.linkedin.com/jobs/view/fullstack-developer-at-itommey-group-3779659535?position=39&pageNum=0&refId=btnP5hKKbJQGFQIClFh9Jw%3D%3D&trackingId=60bBNSA%2FCPB5POoCi%2Fg6cw%3D%3D&trk=public_jobs_jserp-result_search-card
Fullstack Engineer,BRIK,Jakarta Metropolitan Area,2023-12-06,https://id.linkedin.com/jobs/view/fullstack-engineer-at-brik-3779662105?position=40&pageNum=0&refId=btnP5hKKbJQGFQIClFh9Jw%3D%3D&trackingId=csn%2BU%2FuXvDf7x%2FdK5%2BN2lw%3D%3D&trk=public_jobs_jserp-result_search-card
Full Stack Developer,PT Astra International Tbk,Jakarta Metropolitan Area,2024-03-14,https://id.linkedin.com/jobs/view/full-stack-developer-at-pt-astra-international-tbk-3857184803?position=41&pageNum=0&refId=btnP5hKKbJQGFQIClFh9Jw%3D%3D&trackingId=m5BfXBQgmevKtki9LmeX9g%3D%3D&trk=public_jobs_jserp-result_search-card
Fullstack Developer,Brighton Real Estate,"Jakarta, Jakarta, Indonesia",2024-05-15,https://id.linkedin.com/jobs/view/fullstack-developer-at-brighton-real-estate-3925751742?position=42&pageNum=0&refId=btnP5hKKbJQGFQIClFh9Jw%3D%3D&trackingId=WHvkNrZqrY6oupigs222XA%3D%3D&trk=public_jobs_jserp-result_search-card
Jr. Fullstack Engineer (Talent Pool),Staffinc Group,"Gambir, Jakarta, Indonesia",2023-07-05,https://id.linkedin.com/jobs/view/jr-fullstack-engineer-talent-pool-at-staffinc-group-3656154877?position=43&pageNum=0&refId=btnP5hKKbJQGFQIClFh9Jw%3D%3D&trackingId=z055HE4tjw9C2wbR3cYGqA%3D%3D&trk=public_jobs_jserp-result_search-card
Full Stack Engineer,"PT. Erajaya Swasembada, Tbk.","Jakarta, Indonesia",2024-05-31,https://id.linkedin.com/jobs/view/full-stack-engineer-at-pt-erajaya-swasembada-tbk-3937807279?position=45&pageNum=0&refId=btnP5hKKbJQGFQIClFh9Jw%3D%3D&trackingId=ih57g0AGqaCCXaRl6upZRw%3D%3D&trk=public_jobs_jserp-result_search-card
Frontend Developer,Traders Family,"North Jakarta, Jakarta, Indonesia",2024-06-07,https://id.linkedin.com/jobs/view/frontend-developer-at-traders-family-3943662805?position=46&pageNum=0&refId=btnP5hKKbJQGFQIClFh9Jw%3D%3D&trackingId=4R0J7dUA%2BJkhsatMGAIcIA%3D%3D&trk=public_jobs_jserp-result_search-card
Full stack developer,Dikshatek Indonesia,"Tangerang, Banten, Indonesia",2024-03-26,https://id.linkedin.com/jobs/view/full-stack-developer-at-dikshatek-indonesia-3871870384?position=47&pageNum=0&refId=btnP5hKKbJQGFQIClFh9Jw%3D%3D&trackingId=%2FCjszUI3PD1uQ6YW2j65Ew%3D%3D&trk=public_jobs_jserp-result_search-card
Full Stack Developer,Akulaku Indonesia,"Jakarta, Jakarta, Indonesia",2024-02-23,https://id.linkedin.com/jobs/view/full-stack-developer-at-akulaku-indonesia-3837016833?position=48&pageNum=0&refId=btnP5hKKbJQGFQIClFh9Jw%3D%3D&trackingId=McV13HKQX2jVDLVLgGDhtw%3D%3D&trk=public_jobs_jserp-result_search-card
Frontend Engineer,BRIK,Jakarta Metropolitan Area,2023-12-20,https://id.linkedin.com/jobs/view/frontend-engineer-at-brik-3789976503?position=49&pageNum=0&refId=btnP5hKKbJQGFQIClFh9Jw%3D%3D&trackingId=VXDabrXS4vLsNEt2rseinw%3D%3D&trk=public_jobs_jserp-result_search-card
Fullstack Developer,PT Prodia Widyahusada Tbk,Jakarta Metropolitan Area,2024-06-10,https://id.linkedin.com/jobs/view/fullstack-developer-at-pt-prodia-widyahusada-tbk-3942478699?position=51&pageNum=0&refId=btnP5hKKbJQGFQIClFh9Jw%3D%3D&trackingId=35UGEb1HiG53Oh9chBYNtw%3D%3D&trk=public_jobs_jserp-result_search-card
IT Frontend Developer,Panin Dai-ichi Life,"Jakarta, Indonesia",2024-05-29,https://id.linkedin.com/jobs/view/it-frontend-developer-at-panin-dai-ichi-life-3936967247?position=52&pageNum=0&refId=btnP5hKKbJQGFQIClFh9Jw%3D%3D&trackingId=%2Fxh2HsGz3ududk8C8LZ8Bw%3D%3D&trk=public_jobs_jserp-result_search-card
Javascript Developer,TÜV SÜD,"Jakarta, Jakarta, Indonesia",2024-03-20,https://id.linkedin.com/jobs/view/javascript-developer-at-t%C3%BCv-s%C3%BCd-3864984464?position=53&pageNum=0&refId=btnP5hKKbJQGFQIClFh9Jw%3D%3D&trackingId=mp%2F0B8yzBVEzhkHU5KzjTw%3D%3D&trk=public_jobs_jserp-result_search-card
Full Stack Developer,TapTalent.ai,Jakarta Metropolitan Area,2024-05-22,https://id.linkedin.com/jobs/view/full-stack-developer-at-taptalent-ai-3930996567?position=54&pageNum=0&refId=btnP5hKKbJQGFQIClFh9Jw%3D%3D&trackingId=WxdGaVCNiNuPgby0UJUUGA%3D%3D&trk=public_jobs_jserp-result_search-card
Remote Full-stack PHP Developer,Scopic,Jakarta Metropolitan Area,2024-06-03,https://id.linkedin.com/jobs/view/remote-full-stack-php-developer-at-scopic-3938634471?position=55&pageNum=0&refId=btnP5hKKbJQGFQIClFh9Jw%3D%3D&trackingId=4%2FLv9FlJXVAJTBOceuf95A%3D%3D&trk=public_jobs_jserp-result_search-card
IT Web App Developer (Hospital & Healthcare Industry),SabiKerja,"Gambir, Jakarta, Indonesia",2024-06-04,https://id.linkedin.com/jobs/view/it-web-app-developer-hospital-healthcare-industry-at-sabikerja-3942161486?position=59&pageNum=0&refId=btnP5hKKbJQGFQIClFh9Jw%3D%3D&trackingId=%2FxbLh%2FX28yjWui6tAf1C8w%3D%3D&trk=public_jobs_jserp-result_search-card
Frontend Engineer,Kitabisa,"Jakarta, Jakarta, Indonesia",2024-05-22,https://id.linkedin.com/jobs/view/frontend-engineer-at-kitabisa-3932809483?position=2&pageNum=2&refId=UfJVcXRCLyZsqMpZvpsEhw%3D%3D&trackingId=SxTCShG26QDtbfihIOnggg%3D%3D&trk=public_jobs_jserp-result_search-card
Frontend Developer (React.Js),Cloud Kinetics,"Jakarta, Jakarta, Indonesia",2024-05-16,https://id.linkedin.com/jobs/view/frontend-developer-react-js-at-cloud-kinetics-3927976532?position=4&pageNum=2&refId=UfJVcXRCLyZsqMpZvpsEhw%3D%3D&trackingId=wTNjS0eFXxCXki%2FWSfk6QQ%3D%3D&trk=public_jobs_jserp-result_search-card
Jr. Frontend Engineer (Talent Pool),Staffinc Group,"Gambir, Jakarta, Indonesia",2023-07-05,https://id.linkedin.com/jobs/view/jr-frontend-engineer-talent-pool-at-staffinc-group-3656154881?position=6&pageNum=2&refId=UfJVcXRCLyZsqMpZvpsEhw%3D%3D&trackingId=rQ%2BD8ZHH41uVRopbsAsm3g%3D%3D&trk=public_jobs_jserp-result_search-card
Frontend Engineer,Jakmall.com,"Jakarta, Jakarta, Indonesia",2024-05-31,https://id.linkedin.com/jobs/view/frontend-engineer-at-jakmall-com-3935080660?position=7&pageNum=2&refId=UfJVcXRCLyZsqMpZvpsEhw%3D%3D&trackingId=Z6CRKVTeWW6ymCfskULeRA%3D%3D&trk=public_jobs_jserp-result_search-card
Fullstack Developer,Phintraco Group,"Jakarta, Jakarta, Indonesia",2024-06-08,https://id.linkedin.com/jobs/view/fullstack-developer-at-phintraco-group-3944751940?position=8&pageNum=2&refId=UfJVcXRCLyZsqMpZvpsEhw%3D%3D&trackingId=N3pKMFOOZbmP%2Bfl8smDKUg%3D%3D&trk=public_jobs_jserp-result_search-card
Frontend Engineer,Ralali.com - B2B Marketplace,Jakarta Metropolitan Area,2024-06-07,https://id.linkedin.com/jobs/view/frontend-engineer-at-ralali-com-b2b-marketplace-3945139120?position=9&pageNum=2&refId=UfJVcXRCLyZsqMpZvpsEhw%3D%3D&trackingId=MGv4kMaAqlrs%2F7p3ATz98Q%3D%3D&trk=public_jobs_jserp-result_search-card
Fullstack Developer,IniKarir,"Bekasi, West Java, Indonesia",2024-06-06,https://id.linkedin.com/jobs/view/fullstack-developer-at-inikarir-3943462500?position=10&pageNum=2&refId=UfJVcXRCLyZsqMpZvpsEhw%3D%3D&trackingId=PISE7qx3p7srDRYf7DkyDA%3D%3D&trk=public_jobs_jserp-result_search-card
Fullstack Developer,PT Prodia Widyahusada Tbk,Jakarta Metropolitan Area,2024-06-10,https://id.linkedin.com/jobs/view/fullstack-developer-at-pt-prodia-widyahusada-tbk-3942478699?position=2&pageNum=5&refId=2f%2BBrJopzXyzkv4lxhOuqQ%3D%3D&trackingId=h%2BAxKiKJcNCoU09ZJAH9SQ%3D%3D&trk=public_jobs_jserp-result_search-card
IT Frontend Developer,Panin Dai-ichi Life,"Jakarta, Indonesia",2024-05-29,https://id.linkedin.com/jobs/view/it-frontend-developer-at-panin-dai-ichi-life-3936967247?position=3&pageNum=5&refId=2f%2BBrJopzXyzkv4lxhOuqQ%3D%3D&trackingId=G7Ncnrv149IO3mPi%2Bhlq0w%3D%3D&trk=public_jobs_jserp-result_search-card
Javascript Developer,TÜV SÜD,"Jakarta, Jakarta, Indonesia",2024-03-20,https://id.linkedin.com/jobs/view/javascript-developer-at-t%C3%BCv-s%C3%BCd-3864984464?position=4&pageNum=5&refId=2f%2BBrJopzXyzkv4lxhOuqQ%3D%3D&trackingId=r95epWomKDXQERYMNrgJOg%3D%3D&trk=public_jobs_jserp-result_search-card
Full Stack Developer,TapTalent.ai,Jakarta Metropolitan Area,2024-05-22,https://id.linkedin.com/jobs/view/full-stack-developer-at-taptalent-ai-3930996567?position=5&pageNum=5&refId=2f%2BBrJopzXyzkv4lxhOuqQ%3D%3D&trackingId=AMF%2B1EIvPNwd1GngOdpzXQ%3D%3D&trk=public_jobs_jserp-result_search-card
Remote Full-stack PHP Developer,Scopic,Jakarta Metropolitan Area,2024-06-03,https://id.linkedin.com/jobs/view/remote-full-stack-php-developer-at-scopic-3938634471?position=6&pageNum=5&refId=2f%2BBrJopzXyzkv4lxhOuqQ%3D%3D&trackingId=Qg%2BBc1zes3SbzopI87YOHQ%3D%3D&trk=public_jobs_jserp-result_search-card
IT Web App Developer (Hospital & Healthcare Industry),SabiKerja,"Gambir, Jakarta, Indonesia",2024-06-04,https://id.linkedin.com/jobs/view/it-web-app-developer-hospital-healthcare-industry-at-sabikerja-3942161486?position=10&pageNum=5&refId=2f%2BBrJopzXyzkv4lxhOuqQ%3D%3D&trackingId=Csx9qaQQw1EFkg30PvBjpA%3D%3D&trk=public_jobs_jserp-result_search-card
Frontend Mobile Developer,Staffinc Group,Jakarta Metropolitan Area,2024-03-21,https://id.linkedin.com/jobs/view/frontend-mobile-developer-at-staffinc-group-3866043111?position=1&pageNum=7&refId=%2FCrr2POcT30XxJeQ2CySyA%3D%3D&trackingId=L5gRz7ebZkK1NzrikLR1Ew%3D%3D&trk=public_jobs_jserp-result_search-card
Full stack Developer (React js & Golang),Dikshatek Indonesia,"Jakarta, Jakarta, Indonesia",2023-10-10,https://id.linkedin.com/jobs/view/full-stack-developer-react-js-golang-at-dikshatek-indonesia-3736949059?position=2&pageNum=7&refId=%2FCrr2POcT30XxJeQ2CySyA%3D%3D&trackingId=OdN6Vpr2CUrbgCKJYKdTHA%3D%3D&trk=public_jobs_jserp-result_search-card
Web Application Developer,Mandiri Sekuritas,Jakarta Metropolitan Area,2024-06-07,https://id.linkedin.com/jobs/view/web-application-developer-at-mandiri-sekuritas-3941310023?position=3&pageNum=7&refId=%2FCrr2POcT30XxJeQ2CySyA%3D%3D&trackingId=eZ%2B8uU3alYFKnREtms%2BWDA%3D%3D&trk=public_jobs_jserp-result_search-card
Full Stack Developer,DOLPHEEN INDONESIA,"Jakarta, Jakarta, Indonesia",2024-06-07,https://id.linkedin.com/jobs/view/full-stack-developer-at-dolpheen-indonesia-3940301787?position=4&pageNum=7&refId=%2FCrr2POcT30XxJeQ2CySyA%3D%3D&trackingId=maPbvJIqO6KMWHHkQudrbA%3D%3D&trk=public_jobs_jserp-result_search-card
Fullstack Software Engineer,Samsung Electronics Southeast Asia & Oceania,Jakarta Metropolitan Area,2024-02-19,https://id.linkedin.com/jobs/view/fullstack-software-engineer-at-samsung-electronics-southeast-asia-oceania-3833953273?position=5&pageNum=7&refId=%2FCrr2POcT30XxJeQ2CySyA%3D%3D&trackingId=wgj261%2FbkrjFn2xqAm8D2w%3D%3D&trk=public_jobs_jserp-result_search-card
Lowongan Senior PHP Developer,PT Nextgen Inovasi Indonesia,"Jakarta, Jakarta, Indonesia",2024-05-18,https://id.linkedin.com/jobs/view/lowongan-senior-php-developer-at-pt-nextgen-inovasi-indonesia-3929551849?position=6&pageNum=7&refId=%2FCrr2POcT30XxJeQ2CySyA%3D%3D&trackingId=rudOvfNsF2%2BzOJT%2F3GsicA%3D%3D&trk=public_jobs_jserp-result_search-card
Fullstack Javascript Developer,Shell Infotech,"Tangerang, Banten, Indonesia",2024-06-07,https://id.linkedin.com/jobs/view/fullstack-javascript-developer-at-shell-infotech-3940873423?position=8&pageNum=7&refId=%2FCrr2POcT30XxJeQ2CySyA%3D%3D&trackingId=Acs3Gz1zm2Cj7f1Vrk58Fw%3D%3D&trk=public_jobs_jserp-result_search-card
Full Stack Engineer,Kelola Talenta Global,Jakarta Metropolitan Area,2024-05-27,https://id.linkedin.com/jobs/view/full-stack-engineer-at-kelola-talenta-global-3935980591?position=9&pageNum=7&refId=%2FCrr2POcT30XxJeQ2CySyA%3D%3D&trackingId=tuggOmJv1eHkJjk1sYNU6w%3D%3D&trk=public_jobs_jserp-result_search-card
IT Fullstack Engineer,PT Bank KEB Hana Indonesia,"Jakarta, Jakarta, Indonesia",2023-09-26,https://id.linkedin.com/jobs/view/it-fullstack-engineer-at-pt-bank-keb-hana-indonesia-3746011708?position=10&pageNum=7&refId=%2FCrr2POcT30XxJeQ2CySyA%3D%3D&trackingId=rxULW5xW9n%2FRra81kB7KiA%3D%3D&trk=public_jobs_jserp-result_search-card
Middle Fullstack Developer,PT Kaleb Makmur Adhigana,"Jakarta, Jakarta, Indonesia",2024-06-01,https://id.linkedin.com/jobs/view/middle-fullstack-developer-at-pt-kaleb-makmur-adhigana-3936007178?position=1&pageNum=10&refId=WWtEjhe%2F9ulUPSqiXFWzkQ%3D%3D&trackingId=UNnahKHWJeK4lWaN2Rcu2w%3D%3D&trk=public_jobs_jserp-result_search-card
Fullstack Developer,"Indocyber Global Teknologi, PT","Jakarta, Indonesia",2024-06-07,https://id.linkedin.com/jobs/view/fullstack-developer-at-indocyber-global-teknologi-pt-3940875086?position=3&pageNum=10&refId=WWtEjhe%2F9ulUPSqiXFWzkQ%3D%3D&trackingId=rkG5%2BDN%2BRtYCPIRh%2BFNLrg%3D%3D&trk=public_jobs_jserp-result_search-card
Full Stack Developer - Java/Spring Boot/Angular,qode.world,Jakarta Metropolitan Area,2024-06-06,https://id.linkedin.com/jobs/view/full-stack-developer-java-spring-boot-angular-at-qode-world-3943239316?position=4&pageNum=10&refId=WWtEjhe%2F9ulUPSqiXFWzkQ%3D%3D&trackingId=aWRKDAW3NeEknrit5KbyGA%3D%3D&trk=public_jobs_jserp-result_search-card
Senior Frontend Engineer,tiket.com,"Jakarta, Jakarta, Indonesia",2024-05-08,https://id.linkedin.com/jobs/view/senior-frontend-engineer-at-tiket-com-3917562787?position=5&pageNum=10&refId=WWtEjhe%2F9ulUPSqiXFWzkQ%3D%3D&trackingId=UX66g62CCTrF%2Btb8rcgsZA%3D%3D&trk=public_jobs_jserp-result_search-card
Frontend Developer Chapter Lead / Tech Lead,PT Astra International Tbk,Jakarta Metropolitan Area,2024-06-09,https://id.linkedin.com/jobs/view/frontend-developer-chapter-lead-tech-lead-at-pt-astra-international-tbk-3946570489?position=6&pageNum=10&refId=WWtEjhe%2F9ulUPSqiXFWzkQ%3D%3D&trackingId=mgWYFIlXj9iBBoQ%2F8Z7hKw%3D%3D&trk=public_jobs_jserp-result_search-card
Senior Fullstack Engineer,Kredivo Group,"Jakarta, Indonesia",2024-05-15,https://id.linkedin.com/jobs/view/senior-fullstack-engineer-at-kredivo-group-3926476820?position=8&pageNum=10&refId=WWtEjhe%2F9ulUPSqiXFWzkQ%3D%3D&trackingId=BxtNcce8kq97OCY3Z%2FfR7g%3D%3D&trk=public_jobs_jserp-result_search-card
Senior Frontend Developer,LittleLives,Jakarta Metropolitan Area,2024-06-05,https://id.linkedin.com/jobs/view/senior-frontend-developer-at-littlelives-3943745381?position=10&pageNum=10&refId=WWtEjhe%2F9ulUPSqiXFWzkQ%3D%3D&trackingId=l3D3E2Au4lAO1T%2Biv0TuuA%3D%3D&trk=public_jobs_jserp-result_search-card
Full Stack Engineer,CarbonEthics,"Jakarta, Indonesia",2024-06-10,https://id.linkedin.com/jobs/view/full-stack-engineer-at-carbonethics-3942486440?position=1&pageNum=12&refId=zB1diCkq4OVrH7RAtRko5g%3D%3D&trackingId=sUmc6FJv3Q60z0v%2B4JR4Jg%3D%3D&trk=public_jobs_jserp-result_search-card
SDET Intern,commsult Indonesia,"Kota Tangerang Selatan, Banten, Indonesia",2024-05-18,https://id.linkedin.com/jobs/view/sdet-intern-at-commsult-indonesia-3929865771?position=2&pageNum=12&refId=zB1diCkq4OVrH7RAtRko5g%3D%3D&trackingId=21Xk%2BFivEFiXUNgkY2CEcA%3D%3D&trk=public_jobs_jserp-result_search-card
.NET MVC,Dikshatek Indonesia,"Tangerang, Banten, Indonesia",2023-10-10,https://id.linkedin.com/jobs/view/net-mvc-at-dikshatek-indonesia-3736945260?position=3&pageNum=12&refId=zB1diCkq4OVrH7RAtRko5g%3D%3D&trackingId=9SRTWc5ACKW1vf25IgTAAA%3D%3D&trk=public_jobs_jserp-result_search-card
Full Stack Developer - Java/Spring Boot/Angular,qode.world,Jakarta Metropolitan Area,2024-05-22,https://id.linkedin.com/jobs/view/full-stack-developer-java-spring-boot-angular-at-qode-world-3930968702?position=4&pageNum=12&refId=zB1diCkq4OVrH7RAtRko5g%3D%3D&trackingId=sD1CQlahG82%2FC0Pyzqm5bA%3D%3D&trk=public_jobs_jserp-result_search-card
Full Stack Engineer,PT Sahabat Teknologi Sejahtera,"Tangerang, Banten, Indonesia",2024-06-04,https://id.linkedin.com/jobs/view/full-stack-engineer-at-pt-sahabat-teknologi-sejahtera-3939036796?position=5&pageNum=12&refId=zB1diCkq4OVrH7RAtRko5g%3D%3D&trackingId=pL%2FD%2Ffl7iUi7PMkgJzr42w%3D%3D&trk=public_jobs_jserp-result_search-card
Fullstack Engineer,"Indocyber Global Teknologi, PT",Jakarta Metropolitan Area,2024-06-07,https://id.linkedin.com/jobs/view/fullstack-engineer-at-indocyber-global-teknologi-pt-3941300846?position=7&pageNum=12&refId=zB1diCkq4OVrH7RAtRko5g%3D%3D&trackingId=tpES5hc1pyEg2DxYtBMqbA%3D%3D&trk=public_jobs_jserp-result_search-card
Fullstack Developer (.NET/C#/.NETCORE),id/x partners,"Jakarta, Jakarta, Indonesia",2024-06-06,https://id.linkedin.com/jobs/view/fullstack-developer-net-c%23-netcore-at-id-x-partners-3943486288?position=8&pageNum=12&refId=zB1diCkq4OVrH7RAtRko5g%3D%3D&trackingId=jqLye6eVniDKyiYMATIQlA%3D%3D&trk=public_jobs_jserp-result_search-card
Full-Stack Engineer,Turing,Jakarta Metropolitan Area,2024-01-19,https://id.linkedin.com/jobs/view/full-stack-engineer-at-turing-3804999443?position=9&pageNum=12&refId=zB1diCkq4OVrH7RAtRko5g%3D%3D&trackingId=upMMWkHasS8ZlZBoXrRb8g%3D%3D&trk=public_jobs_jserp-result_search-card
Full Stack Engineer,Yuni Fashion Group,"Jakarta, Indonesia",2024-06-08,https://id.linkedin.com/jobs/view/full-stack-engineer-at-yuni-fashion-group-3941852971?position=10&pageNum=12&refId=zB1diCkq4OVrH7RAtRko5g%3D%3D&trackingId=%2FqXUFvajDCJG888T0YE0rg%3D%3D&trk=public_jobs_jserp-result_search-card
.Net Full Stack Engineer,Liven,"Jakarta, Jakarta, Indonesia",2024-06-07,https://id.linkedin.com/jobs/view/net-full-stack-engineer-at-liven-3944125190?position=1&pageNum=15&refId=n3vmVdp7TPBlxWjv7WihZQ%3D%3D&trackingId=c5Rcud0jzpDd3JZmj39o3g%3D%3D&trk=public_jobs_jserp-result_search-card
Fullstack Developer,Group Avows,"Jakarta, Indonesia",2024-06-07,https://id.linkedin.com/jobs/view/fullstack-developer-at-group-avows-3940878662?position=3&pageNum=15&refId=n3vmVdp7TPBlxWjv7WihZQ%3D%3D&trackingId=HUBYn%2Fct0dLbntP0HFJhIQ%3D%3D&trk=public_jobs_jserp-result_search-card
Full Stack Developer (Java/Angular/SpringBoot),Gradunation,"Jakarta, Indonesia",2024-05-21,https://id.linkedin.com/jobs/view/full-stack-developer-java-angular-springboot-at-gradunation-3925553441?position=4&pageNum=15&refId=n3vmVdp7TPBlxWjv7WihZQ%3D%3D&trackingId=72U%2FObVFS0BzY4wuNUwSgA%3D%3D&trk=public_jobs_jserp-result_search-card
Web Front-End Engineer,Turing,Jakarta Metropolitan Area,2023-12-31,https://id.linkedin.com/jobs/view/web-front-end-engineer-at-turing-3798396128?position=5&pageNum=15&refId=n3vmVdp7TPBlxWjv7WihZQ%3D%3D&trackingId=oNXpoZe1IMquSPW3t0nyLw%3D%3D&trk=public_jobs_jserp-result_search-card
Senior Front End Developer,Paramatech Indonesia,"Jakarta, Indonesia",2024-06-07,https://id.linkedin.com/jobs/view/senior-front-end-developer-at-paramatech-indonesia-3940875096?position=6&pageNum=15&refId=n3vmVdp7TPBlxWjv7WihZQ%3D%3D&trackingId=%2B3xHToTRorCDepg7dYjxrg%3D%3D&trk=public_jobs_jserp-result_search-card
Fullstack Developer Java/SpringBoot/Angular,qode.world,"Jakarta, Indonesia",2024-05-30,https://id.linkedin.com/jobs/view/fullstack-developer-java-springboot-angular-at-qode-world-3937567811?position=7&pageNum=15&refId=n3vmVdp7TPBlxWjv7WihZQ%3D%3D&trackingId=9hSJlLgYZUzATWW8KiZAvg%3D%3D&trk=public_jobs_jserp-result_search-card
Full-Stack Developer,Turing,Jakarta Metropolitan Area,2024-01-19,https://id.linkedin.com/jobs/view/full-stack-developer-at-turing-3804996658?position=8&pageNum=15&refId=n3vmVdp7TPBlxWjv7WihZQ%3D%3D&trackingId=uYYF62AxsfQhPNCAr8Wz2Q%3D%3D&trk=public_jobs_jserp-result_search-card
.NET Developer,Kamoro Maxima Integra,"Jakarta, Indonesia",2024-06-07,https://id.linkedin.com/jobs/view/net-developer-at-kamoro-maxima-integra-3940863953?position=9&pageNum=15&refId=n3vmVdp7TPBlxWjv7WihZQ%3D%3D&trackingId=Ym0gD5LmcEH4rqQEKpMtFw%3D%3D&trk=public_jobs_jserp-result_search-card
Full Stack Engineer,One Code Solution,"Tangerang, Banten, Indonesia",2024-06-06,https://id.linkedin.com/jobs/view/full-stack-engineer-at-one-code-solution-3940315266?position=10&pageNum=15&refId=n3vmVdp7TPBlxWjv7WihZQ%3D%3D&trackingId=lY6gS5CBmPdnwV%2FBT7eBSw%3D%3D&trk=public_jobs_jserp-result_search-card
Remote Fullstack Developer,Turing,Jakarta Metropolitan Area,2024-05-07,https://id.linkedin.com/jobs/view/remote-fullstack-developer-at-turing-3929373248?position=1&pageNum=17&refId=nsby0zJk6q5v1SYD2nUPgA%3D%3D&trackingId=KjYyzg1o%2FHlq0EfZdndqzg%3D%3D&trk=public_jobs_jserp-result_search-card
Remote Fullstack Developer,Turing,Jakarta Metropolitan Area,2024-05-07,https://id.linkedin.com/jobs/view/remote-fullstack-developer-at-turing-3929371408?position=2&pageNum=17&refId=nsby0zJk6q5v1SYD2nUPgA%3D%3D&trackingId=Emj2iBD7t1eWpLXJ11ELpw%3D%3D&trk=public_jobs_jserp-result_search-card
Remote Fullstack Developer,Turing,Jakarta Metropolitan Area,2024-05-07,https://id.linkedin.com/jobs/view/remote-fullstack-developer-at-turing-3929372288?position=3&pageNum=17&refId=nsby0zJk6q5v1SYD2nUPgA%3D%3D&trackingId=8Kq%2BjTAhLW0hp%2FR7tCmUFg%3D%3D&trk=public_jobs_jserp-result_search-card
Full-Stack Developer,Turing,Jakarta Metropolitan Area,2024-01-19,https://id.linkedin.com/jobs/view/full-stack-developer-at-turing-3804997479?position=5&pageNum=17&refId=nsby0zJk6q5v1SYD2nUPgA%3D%3D&trackingId=jGNYCQFnNN33WfWdEZIhJg%3D%3D&trk=public_jobs_jserp-result_search-card
Remote Fullstack Developer,Turing,Jakarta Metropolitan Area,2024-05-07,https://id.linkedin.com/jobs/view/remote-fullstack-developer-at-turing-3929374182?position=6&pageNum=17&refId=nsby0zJk6q5v1SYD2nUPgA%3D%3D&trackingId=YHUzSWXRrct4mN58rJldaw%3D%3D&trk=public_jobs_jserp-result_search-card
Remote Fullstack Developer,Turing,Jakarta Metropolitan Area,2024-05-07,https://id.linkedin.com/jobs/view/remote-fullstack-developer-at-turing-3929368813?position=7&pageNum=17&refId=nsby0zJk6q5v1SYD2nUPgA%3D%3D&trackingId=mw33DVP7rwTg27hd323Q0g%3D%3D&trk=public_jobs_jserp-result_search-card
Website Developer (Adobe Experience Manager),Taldio,Jakarta Metropolitan Area,2024-06-05,https://id.linkedin.com/jobs/view/website-developer-adobe-experience-manager-at-taldio-3939416517?position=8&pageNum=17&refId=nsby0zJk6q5v1SYD2nUPgA%3D%3D&trackingId=RaZMB%2BNq0fYEwUmNIcN9rg%3D%3D&trk=public_jobs_jserp-result_search-card
Senior Fullstack Engineer,Hukumonline.com,"Jakarta, Jakarta, Indonesia",2024-05-08,https://id.linkedin.com/jobs/view/senior-fullstack-engineer-at-hukumonline-com-3919731333?position=9&pageNum=17&refId=nsby0zJk6q5v1SYD2nUPgA%3D%3D&trackingId=zUH2q1ygsgoeVrYLd7G4tw%3D%3D&trk=public_jobs_jserp-result_search-card
Full Stack Engineer Manager,Somethinc - BeautyHaul,"Kembangan, Jakarta, Indonesia",2024-05-28,https://id.linkedin.com/jobs/view/full-stack-engineer-manager-at-somethinc-beautyhaul-3935978003?position=10&pageNum=17&refId=nsby0zJk6q5v1SYD2nUPgA%3D%3D&trackingId=jrJ1cvQBn1VH8okHxcXJYg%3D%3D&trk=public_jobs_jserp-result_search-card
.Net Developer,PT Pro Sigmaka Mandiri,"Jakarta, Indonesia",2024-05-29,https://id.linkedin.com/jobs/view/net-developer-at-pt-pro-sigmaka-mandiri-3935144336?position=1&pageNum=20&refId=gj3oq6HBEhzw0PSz17N%2B8g%3D%3D&trackingId=rnD20wJzkpjIIkQfL3CtYQ%3D%3D&trk=public_jobs_jserp-result_search-card
Adobe Experience Full-Stack Developer,Ydigital Asia,"Jakarta, Indonesia",2024-06-05,https://id.linkedin.com/jobs/view/adobe-experience-full-stack-developer-at-ydigital-asia-3939401982?position=2&pageNum=20&refId=gj3oq6HBEhzw0PSz17N%2B8g%3D%3D&trackingId=Hd4uBTF7fkZXCSaP4%2BvKNQ%3D%3D&trk=public_jobs_jserp-result_search-card
Full-Stack Developer,Turing,Jakarta Metropolitan Area,2024-01-07,https://id.linkedin.com/jobs/view/full-stack-developer-at-turing-3804999430?position=3&pageNum=20&refId=gj3oq6HBEhzw0PSz17N%2B8g%3D%3D&trackingId=F2HDKiDK03IeUuSGg4d6hg%3D%3D&trk=public_jobs_jserp-result_search-card
Middle Full Stack Engineer,PT Kaleb Makmur Adhigana,"Jakarta, Indonesia",2024-06-09,https://id.linkedin.com/jobs/view/middle-full-stack-engineer-at-pt-kaleb-makmur-adhigana-3942464919?position=4&pageNum=20&refId=gj3oq6HBEhzw0PSz17N%2B8g%3D%3D&trackingId=caFw0w0RfIx4Oj4Dl0HffA%3D%3D&trk=public_jobs_jserp-result_search-card
Front-End Engineer,Turing,Jakarta Metropolitan Area,2023-11-22,https://id.linkedin.com/jobs/view/front-end-engineer-at-turing-3778348693?position=5&pageNum=20&refId=gj3oq6HBEhzw0PSz17N%2B8g%3D%3D&trackingId=H4%2FneGLzzEfFmbjTfsZa%2FA%3D%3D&trk=public_jobs_jserp-result_search-card
Global Software Engineer (C++),Samsung Electronics Southeast Asia & Oceania,Jakarta Metropolitan Area,2024-03-29,https://id.linkedin.com/jobs/view/global-software-engineer-c%2B%2B-at-samsung-electronics-southeast-asia-oceania-3876348452?position=6&pageNum=20&refId=gj3oq6HBEhzw0PSz17N%2B8g%3D%3D&trackingId=U7ccANyzv%2BKOyyg21hRxmg%3D%3D&trk=public_jobs_jserp-result_search-card
.NET Programmer / Technical Consultant,Think Tank Solusindo,"Jakarta, Jakarta, Indonesia",2024-06-05,https://id.linkedin.com/jobs/view/net-programmer-technical-consultant-at-think-tank-solusindo-3939438750?position=7&pageNum=20&refId=gj3oq6HBEhzw0PSz17N%2B8g%3D%3D&trackingId=cuqGSS%2FWj%2Bz5WchOTSQjoA%3D%3D&trk=public_jobs_jserp-result_search-card
Remote Fullstack Engineer,Turing,Jakarta Metropolitan Area,2024-05-07,https://id.linkedin.com/jobs/view/remote-fullstack-engineer-at-turing-3929373250?position=8&pageNum=20&refId=gj3oq6HBEhzw0PSz17N%2B8g%3D%3D&trackingId=m08Tz71NVaXuHkpj%2F1BwJA%3D%3D&trk=public_jobs_jserp-result_search-card
Remote Fullstack Engineer,Turing,Jakarta Metropolitan Area,2024-05-07,https://id.linkedin.com/jobs/view/remote-fullstack-engineer-at-turing-3929371401?position=9&pageNum=20&refId=gj3oq6HBEhzw0PSz17N%2B8g%3D%3D&trackingId=PUdbQiJup7kvD1haDKchBg%3D%3D&trk=public_jobs_jserp-result_search-card
Remote Fullstack Engineer,Turing,Jakarta Metropolitan Area,2024-05-07,https://id.linkedin.com/jobs/view/remote-fullstack-engineer-at-turing-3929371400?position=10&pageNum=20&refId=gj3oq6HBEhzw0PSz17N%2B8g%3D%3D&trackingId=JUlO4FVMB1DEj6fn4ZiHlw%3D%3D&trk=public_jobs_jserp-result_search-card
Full-Stack Engineer,Turing,Jakarta Metropolitan Area,2023-12-11,https://id.linkedin.com/jobs/view/full-stack-engineer-at-turing-3782766697?position=1&pageNum=22&refId=b4YpemISmD5GWy2UVADG7A%3D%3D&trackingId=rALWZpyxckaJLL5ZljWc6A%3D%3D&trk=public_jobs_jserp-result_search-card
Full-Stack Engineer,Turing,Jakarta Metropolitan Area,2023-12-31,https://id.linkedin.com/jobs/view/full-stack-engineer-at-turing-3798395230?position=2&pageNum=22&refId=b4YpemISmD5GWy2UVADG7A%3D%3D&trackingId=1wUZXhlhnHbk8DNGgaH2Zg%3D%3D&trk=public_jobs_jserp-result_search-card
React Front-End Engineer,Turing,Jakarta Metropolitan Area,2024-01-07,https://id.linkedin.com/jobs/view/react-front-end-engineer-at-turing-3805101429?position=3&pageNum=22&refId=b4YpemISmD5GWy2UVADG7A%3D%3D&trackingId=BiBqGEqIJZkeeSDonF%2FKSw%3D%3D&trk=public_jobs_jserp-result_search-card
Senior FullStack Software Engineer,"NodeFlair - Tech Salaries, Jobs & more",Jakarta Metropolitan Area,2024-04-23,https://id.linkedin.com/jobs/view/senior-fullstack-software-engineer-at-nodeflair-tech-salaries-jobs-more-3907163643?position=4&pageNum=22&refId=b4YpemISmD5GWy2UVADG7A%3D%3D&trackingId=WjR2bdq8H8KJxVDqQ%2FskBA%3D%3D&trk=public_jobs_jserp-result_search-card
.NET Developer,PT Pro Sigmaka Mandiri,"Jakarta, Indonesia",2024-06-07,https://id.linkedin.com/jobs/view/net-developer-at-pt-pro-sigmaka-mandiri-3937824053?position=6&pageNum=22&refId=b4YpemISmD5GWy2UVADG7A%3D%3D&trackingId=sLbJ2csuBRX%2Fvx2HNoPjlw%3D%3D&trk=public_jobs_jserp-result_search-card
Senior .NET Developer,DHI,"Gambir, Jakarta, Indonesia",2024-05-31,https://id.linkedin.com/jobs/view/senior-net-developer-at-dhi-3939792568?position=10&pageNum=22&refId=b4YpemISmD5GWy2UVADG7A%3D%3D&trackingId=T0eL9xKhGh2nCcQ9Bs2PQQ%3D%3D&trk=public_jobs_jserp-result_search-card
Remote Lead Fullstack Engineer,Turing,Jakarta Metropolitan Area,2024-05-07,https://id.linkedin.com/jobs/view/remote-lead-fullstack-engineer-at-turing-3929370561?position=1&pageNum=25&refId=ukJZdTv1gZh7VKWAF7Hy%2BQ%3D%3D&trackingId=%2FkR7v%2BnRvI7wNVF4f6fdwA%3D%3D&trk=public_jobs_jserp-result_search-card
Remote Lead Fullstack Engineer,Turing,Jakarta Metropolitan Area,2024-05-07,https://id.linkedin.com/jobs/view/remote-lead-fullstack-engineer-at-turing-3929369699?position=2&pageNum=25&refId=ukJZdTv1gZh7VKWAF7Hy%2BQ%3D%3D&trackingId=8f3ScL5HIctTITWQWNxhXA%3D%3D&trk=public_jobs_jserp-result_search-card
Flutter Developer,Turing,Jakarta Metropolitan Area,2023-12-31,https://id.linkedin.com/jobs/view/flutter-developer-at-turing-3798395259?position=3&pageNum=25&refId=ukJZdTv1gZh7VKWAF7Hy%2BQ%3D%3D&trackingId=AInb9G5wf4wzv9HC62%2F%2BHA%3D%3D&trk=public_jobs_jserp-result_search-card
Lead Full-Stack Engineer,Turing,Jakarta Metropolitan Area,2023-12-31,https://id.linkedin.com/jobs/view/lead-full-stack-engineer-at-turing-3798395256?position=4&pageNum=25&refId=ukJZdTv1gZh7VKWAF7Hy%2BQ%3D%3D&trackingId=Nohe0PisWm8pmBE0YUY1ag%3D%3D&trk=public_jobs_jserp-result_search-card
Senior Software Engineer – Full Stack (Bangkok based – Relocation provided),Agoda,Jakarta Metropolitan Area,2024-05-22,https://id.linkedin.com/jobs/view/senior-software-engineer-%E2%80%93-full-stack-bangkok-based-%E2%80%93-relocation-provided-at-agoda-3877210972?position=5&pageNum=25&refId=ukJZdTv1gZh7VKWAF7Hy%2BQ%3D%3D&trackingId=%2FBsXuz0EatzDZAGHVmYOmQ%3D%3D&trk=public_jobs_jserp-result_search-card
"Lead / Staff Full Stack Software Engineer (Bangkok based, relocation provided)",Agoda,Jakarta Metropolitan Area,2024-05-24,https://id.linkedin.com/jobs/view/lead-staff-full-stack-software-engineer-bangkok-based-relocation-provided-at-agoda-3931663027?position=6&pageNum=25&refId=ukJZdTv1gZh7VKWAF7Hy%2BQ%3D%3D&trackingId=JDyvapZtHMR7f6qdAdQTzg%3D%3D&trk=public_jobs_jserp-result_search-card
Graduate Analyst - UI/UX Designer - Indonesia (July 2024 Intake),Deloitte,Jakarta Metropolitan Area,2024-05-23,https://id.linkedin.com/jobs/view/graduate-analyst-ui-ux-designer-indonesia-july-2024-intake-at-deloitte-3902328758?position=7&pageNum=25&refId=ukJZdTv1gZh7VKWAF7Hy%2BQ%3D%3D&trackingId=wUcNMTqnMxfJ9GGfXzeI4w%3D%3D&trk=public_jobs_jserp-result_search-card
Consultant - UX/UI Designer - ID,Deloitte,Jakarta Metropolitan Area,2024-05-22,https://id.linkedin.com/jobs/view/consultant-ux-ui-designer-id-at-deloitte-3829119586?position=8&pageNum=25&refId=ukJZdTv1gZh7VKWAF7Hy%2BQ%3D%3D&trackingId=Cti%2BuwzgB15OW%2BTt95KVSg%3D%3D&trk=public_jobs_jserp-result_search-card
Product Management Intern,Berani Digital ID,"Jakarta, Indonesia",2024-06-10,https://id.linkedin.com/jobs/view/product-management-intern-at-berani-digital-id-3942495392?position=9&pageNum=25&refId=ukJZdTv1gZh7VKWAF7Hy%2BQ%3D%3D&trackingId=A3yPE57HOfNXoMtts%2FNLDA%3D%3D&trk=public_jobs_jserp-result_search-card
Marketing Intern (Web Developer),RedDoorz,"Jakarta, Jakarta, Indonesia",2024-06-05,https://id.linkedin.com/jobs/view/marketing-intern-web-developer-at-reddoorz-3943487026?position=10&pageNum=25&refId=ukJZdTv1gZh7VKWAF7Hy%2BQ%3D%3D&trackingId=GArIQoFBucTR3zFNmY%2B9kQ%3D%3D&trk=public_jobs_jserp-result_search-card
